Young|Valarie|Italy|30|Online Diecast Creations Co.|6035558647|2304 Long Airport Avenue|Nashua|62005|S18_1749|2018-06-01 00:00:00|10100|||Vintage Cars|Auto|||171.7|3|5151.0|1429|Shipped|Medium
Young|Valarie|Italy|50|Online Diecast Creations Co.|6035558647|2304 Long Airport Avenue|Nashua|62005|S18_2248|2018-06-01 00:00:00|10100|||Vintage Cars|Auto|||67.8|2|3390.0|1529|Shipped|Medium
Young|Valarie|Italy|22|Online Diecast Creations Co.|6035558647|2304 Long Airport Avenue|Nashua|62005|S18_4409|2018-06-01 00:00:00|10100|||Vintage Cars|Auto|||86.51|4|1903.22|2096|Shipped|Small
Young|Valarie|Italy|49|Online Diecast Creations Co.|6035558647|2304 Long Airport Avenue|Nashua|62005|S24_3969|2018-06-01 00:00:00|10100|||Vintage Cars|Auto|||34.47|1|1689.03|2836|Shipped|Small
Young|Valarie|USA|30|Online Diecast Creations Co.|6035558647|2304 Long Airport Avenue|Nashua|62005|S18_1749|2018-06-01 00:00:00|10100|||Vintage Cars|Auto|||171.7|3|5151.0|1429|Shipped|Medium
Young|Valarie|USA|50|Online Diecast Creations Co.|6035558647|2304 Long Airport Avenue|Nashua|62005|S18_2248|2018-06-01 00:00:00|10100|||Vintage Cars|Auto|||67.8|2|3390.0|1529|Shipped|Medium
Young|Valarie|USA|22|Online Diecast Creations Co.|6035558647|2304 Long Airport Avenue|Nashua|62005|S18_4409|2018-06-01 00:00:00|10100|||Vintage Cars|Auto|||86.51|4|1903.22|2096|Shipped|Small
Young|Valarie|USA|49|Online Diecast Creations Co.|6035558647|2304 Long Airport Avenue|Nashua|62005|S24_3969|2018-06-01 00:00:00|10100|||Vintage Cars|Auto|||34.47|1|1689.03|2836|Shipped|Small
Keitel|Roland|Italy|8|Blauer See Auto, Co.|+49 69 66 90 2555|Lyonerstr. 34|Frankfurt|60528|S18_2325|2018-09-01 00:00:00|10101||Classic Cars|Vintage Cars|Auto|||151.28|4|3782.0|1573|Shipped|Medium
Keitel|Roland|Italy|50|Blauer See Auto, Co.|+49 69 66 90 2555|Lyonerstr. 34|Frankfurt|60528|S18_2795|2018-09-01 00:00:00|10101||Classic Cars|Vintage Cars|Auto|||145.13|1|3773.38|1671|Shipped|Medium
Keitel|Roland|Italy|22|Blauer See Auto, Co.|+49 69 66 90 2555|Lyonerstr. 34|Frankfurt|60528|S24_1937|2018-09-01 00:00:00|10101||Classic Cars|Vintage Cars|Auto|||31.2|3|1404.0|2360|Shipped|Small
Keitel|Roland|Italy|49|Blauer See Auto, Co.|+49 69 66 90 2555|Lyonerstr. 34|Frankfurt|60528|S24_2022|2018-09-01 00:00:00|10101||Classic Cars|Vintage Cars|Auto|||53.76|2|2472.96|2434|Shipped|Small
Keitel|Roland|Germany|8|Blauer See Auto, Co.|+49 69 66 90 2555|Lyonerstr. 34|Frankfurt|60528|S18_2325|2018-09-01 00:00:00|10101||Classic Cars|Vintage Cars|Auto|||151.28|4|3782.0|1573|Shipped|Medium
Keitel|Roland|Germany|50|Blauer See Auto, Co.|+49 69 66 90 2555|Lyonerstr. 34|Frankfurt|60528|S18_2795|2018-09-01 00:00:00|10101||Classic Cars|Vintage Cars|Auto|||145.13|1|3773.38|1671|Shipped|Medium
Keitel|Roland|Germany|22|Blauer See Auto, Co.|+49 69 66 90 2555|Lyonerstr. 34|Frankfurt|60528|S24_1937|2018-09-01 00:00:00|10101||Classic Cars|Vintage Cars|Auto|||31.2|3|1404.0|2360|Shipped|Small
Keitel|Roland|Germany|49|Blauer See Auto, Co.|+49 69 66 90 2555|Lyonerstr. 34|Frankfurt|60528|S24_2022|2018-09-01 00:00:00|10101||Classic Cars|Vintage Cars|Auto|||53.76|2|2472.96|2434|Shipped|Small
Bergulfsen|Jonas|Germany|26|Baane Mini Imports|07-98 9555||Stavern|4110|S10_1949|29/01/2018|10103||Classic Cars|Vintage Cars||Trucks||207.87|11|5404.62|878|Shipped|Medium
Bergulfsen|Jonas|Germany|42|Baane Mini Imports|07-98 9555||Stavern|4110|S10_4962|29/01/2018|10103||Classic Cars|Vintage Cars||Trucks||128.53|4|5398.26|977|Shipped|Medium
Bergulfsen|Jonas|Germany|27|Baane Mini Imports|07-98 9555||Stavern|4110|S12_1666|29/01/2018|10103||Classic Cars|Vintage Cars||Trucks||125.74|8|3394.98|1054|Shipped|Medium
Bergulfsen|Jonas|Germany|35|Baane Mini Imports|07-98 9555||Stavern|4110|S18_1097|29/01/2018|10103||Classic Cars|Vintage Cars||Trucks||112.0|10|3920.0|1255|Shipped|Medium
Bergulfsen|Jonas|Germany|22|Baane Mini Imports|07-98 9555||Stavern|4110|S18_2432|29/01/2018|10103||Classic Cars|Vintage Cars||Trucks||54.09|2|1189.98|1577|Shipped|Small
Bergulfsen|Jonas|Germany|27|Baane Mini Imports|07-98 9555||Stavern|4110|S18_2949|29/01/2018|10103||Classic Cars|Vintage Cars||Trucks||83.07|12|2242.89|1701|Shipped|Small
Bergulfsen|Jonas|Germany|35|Baane Mini Imports|07-98 9555||Stavern|4110|S18_2957|29/01/2018|10103||Classic Cars|Vintage Cars||Trucks||57.46|14|2011.1|1726|Shipped|Small
Bergulfsen|Jonas|Germany|25|Baane Mini Imports|07-98 9555||Stavern|4110|S18_3136|29/01/2018|10103||Classic Cars|Vintage Cars||Trucks||101.58|13|2539.5|1776|In Process|Small
Bergulfsen|Jonas|Germany|46|Baane Mini Imports|07-98 9555||Stavern|4110|S18_3320|29/01/2018|10103||Classic Cars|Vintage Cars||Trucks||104.17|16|4791.82|1925|In Process|Medium
Bergulfsen|Jonas|Germany|36|Baane Mini Imports|07-98 9555||Stavern|4110|S18_4600|29/01/2018|10103||Classic Cars|Vintage Cars||Trucks||117.45|5|4228.2|2120|In Process|Medium
Bergulfsen|Jonas|Germany|41|Baane Mini Imports|07-98 9555||Stavern|4110|S18_4668|29/01/2018|10103||Classic Cars|Vintage Cars||Trucks||47.29|9|1938.89|2147|In Process|Small
Bergulfsen|Jonas|Germany|36|Baane Mini Imports|07-98 9555||Stavern|4110|S24_2300|29/01/2018|10103||Classic Cars|Vintage Cars||Trucks||102.23|1|3680.28|2438|In Process|Medium
Bergulfsen|Jonas|Germany|25|Baane Mini Imports|07-98 9555||Stavern|4110|S24_4258|29/01/2018|10103||Classic Cars|Vintage Cars||Trucks||114.92|15|2873.0|2860|In Process|Small
Bergulfsen|Jonas|Germany|31|Baane Mini Imports|07-98 9555||Stavern|4110|S32_1268|29/01/2018|10103||Classic Cars|Vintage Cars||Trucks||104.01|3|3224.31|2931|In Process|Medium
Bergulfsen|Jonas|Germany|45|Baane Mini Imports|07-98 9555||Stavern|4110|S32_3522|29/01/2018|10103||Classic Cars|Vintage Cars||Trucks||75.63|7|3403.35|3060|Shipped|Medium
Bergulfsen|Jonas|Germany|42|Baane Mini Imports|07-98 9555||Stavern|4110|S700_2824|29/01/2018|10103||Classic Cars|Vintage Cars||Trucks||106.21|6|4460.82|3393|Shipped|Medium
Bergulfsen|Jonas|Norway|26|Baane Mini Imports|07-98 9555||Stavern|4110|S10_1949|29/01/2018|10103||Classic Cars|Vintage Cars||Trucks||207.87|11|5404.62|878|Shipped|Medium
Bergulfsen|Jonas|Norway|42|Baane Mini Imports|07-98 9555||Stavern|4110|S10_4962|29/01/2018|10103||Classic Cars|Vintage Cars||Trucks||128.53|4|5398.26|977|Shipped|Medium
Bergulfsen|Jonas|Norway|27|Baane Mini Imports|07-98 9555||Stavern|4110|S12_1666|29/01/2018|10103||Classic Cars|Vintage Cars||Trucks||125.74|8|3394.98|1054|Shipped|Medium
Bergulfsen|Jonas|Norway|35|Baane Mini Imports|07-98 9555||Stavern|4110|S18_1097|29/01/2018|10103||Classic Cars|Vintage Cars||Trucks||112.0|10|3920.0|1255|Shipped|Medium
Bergulfsen|Jonas|Norway|22|Baane Mini Imports|07-98 9555||Stavern|4110|S18_2432|29/01/2018|10103||Classic Cars|Vintage Cars||Trucks||54.09|2|1189.98|1577|Shipped|Small
Bergulfsen|Jonas|Norway|27|Baane Mini Imports|07-98 9555||Stavern|4110|S18_2949|29/01/2018|10103||Classic Cars|Vintage Cars||Trucks||83.07|12|2242.89|1701|Shipped|Small
Bergulfsen|Jonas|Norway|35|Baane Mini Imports|07-98 9555||Stavern|4110|S18_2957|29/01/2018|10103||Classic Cars|Vintage Cars||Trucks||57.46|14|2011.1|1726|Shipped|Small
Bergulfsen|Jonas|Norway|25|Baane Mini Imports|07-98 9555||Stavern|4110|S18_3136|29/01/2018|10103||Classic Cars|Vintage Cars||Trucks||101.58|13|2539.5|1776|In Process|Small
Bergulfsen|Jonas|Norway|46|Baane Mini Imports|07-98 9555||Stavern|4110|S18_3320|29/01/2018|10103||Classic Cars|Vintage Cars||Trucks||104.17|16|4791.82|1925|In Process|Medium
Bergulfsen|Jonas|Norway|36|Baane Mini Imports|07-98 9555||Stavern|4110|S18_4600|29/01/2018|10103||Classic Cars|Vintage Cars||Trucks||117.45|5|4228.2|2120|In Process|Medium
Bergulfsen|Jonas|Norway|41|Baane Mini Imports|07-98 9555||Stavern|4110|S18_4668|29/01/2018|10103||Classic Cars|Vintage Cars||Trucks||47.29|9|1938.89|2147|In Process|Small
Bergulfsen|Jonas|Norway|36|Baane Mini Imports|07-98 9555||Stavern|4110|S24_2300|29/01/2018|10103||Classic Cars|Vintage Cars||Trucks||102.23|1|3680.28|2438|In Process|Medium
Bergulfsen|Jonas|Norway|25|Baane Mini Imports|07-98 9555||Stavern|4110|S24_4258|29/01/2018|10103||Classic Cars|Vintage Cars||Trucks||114.92|15|2873.0|2860|In Process|Small
Bergulfsen|Jonas|Norway|31|Baane Mini Imports|07-98 9555||Stavern|4110|S32_1268|29/01/2018|10103||Classic Cars|Vintage Cars||Trucks||104.01|3|3224.31|2931|In Process|Medium
Bergulfsen|Jonas|Norway|45|Baane Mini Imports|07-98 9555||Stavern|4110|S32_3522|29/01/2018|10103||Classic Cars|Vintage Cars||Trucks||75.63|7|3403.35|3060|Shipped|Medium
Bergulfsen|Jonas|Norway|42|Baane Mini Imports|07-98 9555||Stavern|4110|S700_2824|29/01/2018|10103||Classic Cars|Vintage Cars||Trucks||106.21|6|4460.82|3393|Shipped|Medium
Freyre|Diego|Germany|40|Euro Shopping Channel|(91) 555 94 44||Madrid|28034|S18_1342|29/04/2019|10244|||Vintage Cars||||117.12|7|4684.8|863|In Process|Medium
Freyre|Diego|Germany|20|Euro Shopping Channel|(91) 555 94 44||Madrid|28035|S18_1367|29/04/2019|10244|||Vintage Cars||||58.22|6|1164.4|887|In Process|Medium
Freyre|Diego|Germany|43|Euro Shopping Channel|(91) 555 94 44||Madrid|28036|S18_2795|29/04/2019|10244|||Vintage Cars||||138.38|8|5950.34|1207|In Process|Small
Freyre|Diego|Germany|30|Euro Shopping Channel|(91) 555 94 44||Madrid|28037|S18_2949|29/04/2019|10244|||Vintage Cars||||117.52|1|3525.6|1258|In Process|Medium
Freyre|Diego|Germany|24|Euro Shopping Channel|(91) 555 94 44||Madrid|28038|S18_2957|29/04/2019|10244|||Vintage Cars||||58.09|3|1394.16|1282|In Process|Medium
Freyre|Diego|Germany|29|Euro Shopping Channel|(91) 555 94 44||Madrid|28039|S18_3136|29/04/2019|10244|||Vintage Cars||||115.19|2|3340.51|1332|In Process|Medium
Freyre|Diego|Germany|36|Euro Shopping Channel|(91) 555 94 44||Madrid|28040|S18_3320|29/04/2019|10244|||Vintage Cars||||84.33|5|3035.88|1481|In Process|Small
Freyre|Diego|Germany|39|Euro Shopping Channel|(91) 555 94 44||Madrid|28041|S24_2022|29/04/2019|10244|||Vintage Cars||||45.25|9|1764.75|1969|Shipped|Small
Freyre|Diego|Germany|40|Euro Shopping Channel|(91) 555 94 44||Madrid|28042|S24_4258|29/04/2019|10244|||Vintage Cars||||86.68|4|3467.2|2416|Shipped|Medium
Freyre|Diego|Spain|40|Euro Shopping Channel|(91) 555 94 44||Madrid|28034|S18_1342|29/04/2019|10244|||Vintage Cars||||117.12|7|4684.8|863|In Process|Medium
Freyre|Diego|Spain|20|Euro Shopping Channel|(91) 555 94 44||Madrid|28035|S18_1367|29/04/2019|10244|||Vintage Cars||||58.22|6|1164.4|887|In Process|Medium
Freyre|Diego|Spain|43|Euro Shopping Channel|(91) 555 94 44||Madrid|28036|S18_2795|29/04/2019|10244|||Vintage Cars||||138.38|8|5950.34|1207|In Process|Small
Freyre|Diego|Spain|30|Euro Shopping Channel|(91) 555 94 44||Madrid|28037|S18_2949|29/04/2019|10244|||Vintage Cars||||117.52|1|3525.6|1258|In Process|Medium
Freyre|Diego|Spain|24|Euro Shopping Channel|(91) 555 94 44||Madrid|28038|S18_2957|29/04/2019|10244|||Vintage Cars||||58.09|3|1394.16|1282|In Process|Medium
Freyre|Diego|Spain|29|Euro Shopping Channel|(91) 555 94 44||Madrid|28039|S18_3136|29/04/2019|10244|||Vintage Cars||||115.19|2|3340.51|1332|In Process|Medium
Freyre|Diego|Spain|36|Euro Shopping Channel|(91) 555 94 44||Madrid|28040|S18_3320|29/04/2019|10244|||Vintage Cars||||84.33|5|3035.88|1481|In Process|Small
Freyre|Diego|Spain|39|Euro Shopping Channel|(91) 555 94 44||Madrid|28041|S24_2022|29/04/2019|10244|||Vintage Cars||||45.25|9|1764.75|1969|Shipped|Small
Freyre|Diego|Spain|40|Euro Shopping Channel|(91) 555 94 44||Madrid|28042|S24_4258|29/04/2019|10244|||Vintage Cars||||86.68|4|3467.2|2416|Shipped|Medium
Labrune|Janine|Germany|38|La Rochelle Gifts|40.67.8555||Nantes|44000|S10_4962|31/05/2020|10425||Classic Cars||Auto|Trucks|Buses|155.13|12|5894.94|150|In Process|Medium
Labrune|Janine|Germany|33|La Rochelle Gifts|40.67.8556||Nantes|44000|S12_4473|31/05/2020|10425||Classic Cars||Auto|Trucks|Buses|142.2|4|4692.6|376|In Process|Medium
Labrune|Janine|Germany|28|La Rochelle Gifts|40.67.8557||Nantes|44000|S18_2238|31/05/2020|10425||Classic Cars||Auto|Trucks|Buses|189.93|3|5318.04|652|In Process|Medium
Labrune|Janine|Germany|38|La Rochelle Gifts|40.67.8558||Nantes|44000|S18_2319|31/05/2020|10425||Classic Cars||Auto|Trucks|Buses|99.41|7|3777.58|699|In Process|Medium
Labrune|Janine|Germany|19|La Rochelle Gifts|40.67.8559||Nantes|44000|S18_2432|31/05/2020|10425||Classic Cars||Auto|Trucks|Buses|49.22|10|935.18|750|In Process|Small
Labrune|Janine|Germany|28|La Rochelle Gifts|40.67.8560||Nantes|44000|S18_3232|31/05/2020|10425||Classic Cars||Auto|Trucks|Buses|135.47|8|3793.16|1023|In Process|Medium
Labrune|Janine|Germany|38|La Rochelle Gifts|40.67.8561||Nantes|44000|S18_4600|31/05/2020|10425||Classic Cars||Auto|Trucks|Buses|113.82|13|4325.16|1293|In Process|Medium
Labrune|Janine|Germany|55|La Rochelle Gifts|40.67.8562||Nantes|44000|S24_1444|31/05/2020|10425||Classic Cars||Auto|Trucks|Buses|46.82|1|2575.1|1415|In Process|Small
Labrune|Janine|Germany|40|La Rochelle Gifts|40.67.8563||Nantes|44000|S24_2300|31/05/2020|10425||Classic Cars||Auto|Trucks|Buses|112.46|9|5510.54|1611|In Process|Medium
Labrune|Janine|France|38|La Rochelle Gifts|40.67.8555||Nantes|44000|S10_4962|31/05/2020|10425||Classic Cars||Auto|Trucks|Buses|155.13|12|5894.94|150|In Process|Medium
Labrune|Janine|France|33|La Rochelle Gifts|40.67.8556||Nantes|44000|S12_4473|31/05/2020|10425||Classic Cars||Auto|Trucks|Buses|142.2|4|4692.6|376|In Process|Medium
Labrune|Janine|France|28|La Rochelle Gifts|40.67.8557||Nantes|44000|S18_2238|31/05/2020|10425||Classic Cars||Auto|Trucks|Buses|189.93|3|5318.04|652|In Process|Medium
Labrune|Janine|France|38|La Rochelle Gifts|40.67.8558||Nantes|44000|S18_2319|31/05/2020|10425||Classic Cars||Auto|Trucks|Buses|99.41|7|3777.58|699|In Process|Medium
Labrune|Janine|France|19|La Rochelle Gifts|40.67.8559||Nantes|44000|S18_2432|31/05/2020|10425||Classic Cars||Auto|Trucks|Buses|49.22|10|935.18|750|In Process|Small
Labrune|Janine|France|28|La Rochelle Gifts|40.67.8560||Nantes|44000|S18_3232|31/05/2020|10425||Classic Cars||Auto|Trucks|Buses|135.47|8|3793.16|1023|In Process|Medium
Labrune|Janine|France|38|La Rochelle Gifts|40.67.8561||Nantes|44000|S18_4600|31/05/2020|10425||Classic Cars||Auto|Trucks|Buses|113.82|13|4325.16|1293|In Process|Medium
Labrune|Janine|France|55|La Rochelle Gifts|40.67.8562||Nantes|44000|S24_1444|31/05/2020|10425||Classic Cars||Auto|Trucks|Buses|46.82|1|2575.1|1415|In Process|Small
Labrune|Janine|France|40|La Rochelle Gifts|40.67.8563||Nantes|44000|S24_2300|31/05/2020|10425||Classic Cars||Auto|Trucks|Buses|112.46|9|5510.54|1611|In Process|Medium
